id,naf,groupe,activite,emoji
1,01.11Z,1,"Culture de cÃ©rÃ©ales (sauf riz), lÃ©gumineuses et graines olÃ©agineuses",ğŸŒ¾
2,01.12Z,1,Culture du riz,ğŸŒ¾
3,01.13Z,1,"Culture de lÃ©gumes, melons, racines et tubercules",ğŸ¥•
4,01.14Z,1,Culture de la canne Ã  sucre,ğŸ¬
5,01.15Z,1,Culture du tabac,ğŸš¬
6,01.16Z,1,Culture de plantes Ã  fibres,ğŸŒ¿
7,01.19Z,1,Autres cultures non permanentes,ğŸŒ±
8,01.21Z,1,Culture de la vigne,ğŸ‡
9,01.22Z,1,Culture de fruits tropicaux et subtropicaux,ğŸ
10,01.23Z,1,Culture d'agrumes,ğŸŠ
11,01.24Z,1,Culture de fruits Ã  pÃ©pins et Ã  noyau,ğŸ‘
12,01.25Z,1,Culture d'autres fruits d'arbres ou d'arbustes et de fruits Ã  coque,ğŸŒ°
13,01.26Z,1,Culture de fruits olÃ©agineux,ğŸ¥œ
14,01.27Z,1,Culture de plantes Ã  boissons,â˜•
15,01.28Z,1,"Culture de plantes Ã  Ã©pices, aromatiques, mÃ©dicinales et pharmaceutiques",ğŸŒ¶ï¸
16,01.29Z,1,Autres cultures permanentes,ğŸŒ¾
17,01.30Z,1,Reproduction de plantes,ğŸŒ±
18,01.41Z,1,Ã‰levage de vaches laitiÃ¨res,ğŸ„
19,01.42Z,1,Ã‰levage d'autres bovins et de buffles,ğŸ‚
20,01.43Z,1,Ã‰levage de chevaux et d'autres Ã©quidÃ©s,ğŸ
21,01.44Z,1,Ã‰levage de chameaux et d'autres camÃ©lidÃ©s,ğŸ«
22,01.45Z,1,Ã‰levage d'ovins et de caprins,ğŸ‘
23,01.46Z,1,Ã‰levage de porcins,ğŸ–
24,01.47Z,1,Ã‰levage de volailles,ğŸ”
25,01.49Z,1,Ã‰levage d'autres animaux,ğŸ¾
26,01.50Z,1,Culture et Ã©levage associÃ©s,ğŸŒ±
27,01.61Z,1,ActivitÃ©s de soutien aux cultures,ğŸšœ
28,01.62Z,1,ActivitÃ©s de soutien Ã  la production animale,ğŸ„
29,01.63Z,1,Traitement primaire des rÃ©coltes,ğŸŒ¾
30,01.64Z,1,Traitement des semences,ğŸŒ¾
31,01.70Z,1,"Chasse, piÃ©geage et services annexes",ğŸ¦Š
32,02.10Z,2,Sylviculture et autres activitÃ©s forestiÃ¨res,ğŸŒ²
33,02.20Z,2,Exploitation forestiÃ¨re,ğŸª“
34,02.30Z,2,RÃ©colte de produits forestiers non ligneux Ã  l'Ã©tat sauvage,ğŸŒ¿
35,02.40Z,2,Services de soutien Ã  l'exploitation forestiÃ¨re,ğŸ› ï¸
36,03.11Z,3,PÃªche en mer,ğŸ£
37,03.12Z,3,PÃªche en eau douce,ğŸŸ
38,03.21Z,3,Aquaculture en mer,ğŸ 
39,03.22Z,3,Aquaculture en eau douce,ğŸ¡
40,05.10Z,5,Extraction de houille,â›ï¸
41,05.20Z,5,Extraction de lignite,â›ï¸
42,06.10Z,6,Extraction de pÃ©trole brut,ğŸ›¢ï¸
43,06.20Z,6,Extraction de gaz naturel,ğŸ›¢ï¸
44,07.10Z,7,Extraction de minerais de fer,â›ï¸
45,07.21Z,7,Extraction de minerais d'uranium et de thorium,âš›ï¸
46,07.29Z,7,Extraction d'autres minerais de mÃ©taux non ferreux,â›ï¸
47,08.11Z,8,"Extraction de pierres, calcaire industriel, gypse, craie et ardoise",ğŸª¨
48,08.12Z,8,"Exploitation de graviÃ¨res et sabliÃ¨res, extraction d'argiles et de kaolin",ğŸª¨
49,08.91Z,8,Extraction des minÃ©raux chimiques et d'engrais minÃ©raux,âš—ï¸
50,08.92Z,8,Extraction de tourbe,ğŸŒ±
51,08.93Z,8,Production de sel,ğŸ§‚
52,08.99Z,8,Autres activitÃ©s extractives n.c.a.,â›ï¸
53,09.10Z,9,ActivitÃ©s de soutien Ã  l'extraction d'hydrocarbures,ğŸ”§
54,09.90Z,9,ActivitÃ©s de soutien aux autres industries extractives,ğŸ”§
55,10.11Z,10,Transformation et conservation de la viande de boucherie,ğŸ¥©
56,10.12Z,10,Transformation et conservation de la viande de volaille,ğŸ—
57,10.13A,10,PrÃ©paration industrielle de produits Ã  base de viande,ğŸ¥©
58,10.13B,10,Charcuterie,ğŸ–
59,10.20Z,10,"Transformation et conservation de poisson, de crustacÃ©s et de mollusques",ğŸŸ
60,10.31Z,10,Transformation et conservation de pommes de terre,ğŸ¥”
61,10.32Z,10,PrÃ©paration de jus de fruits et lÃ©gumes,ğŸ¥¤
62,10.39A,0,Autre transformation et conservation de lÃ©gumes,ğŸ¥¦
63,10.39B,10,Transformation et conservation de fruits,ğŸ
64,10.41B,10,Fabrication d'huiles et graisses raffinÃ©es,ğŸ›¢ï¸
65,10.42Z,10,Fabrication de margarine et graisses comestibles similaires,ğŸ§ˆ
66,10.51A,10,Fabrication de lait liquide et de produits frais,ğŸ¥›
67,10.51B,10,Fabrication de beurre,ğŸ§ˆ
68,10.51C,10,Fabrication de fromage,ğŸ§€
69,10.51D,10,Fabrication d'autres produits laitiers,ğŸ¦
70,10.52Z,10,Fabrication de glaces et sorbets,ğŸ¨
71,10.61A,10,Meunerie,ğŸŒ¾
72,10.61B,10,Autres activitÃ©s du travail des grains,ğŸŒ¾
73,10.62Z,10,Fabrication de produits amylacÃ©s,ğŸš
74,10.71A,10,Fabrication industrielle de pain et de pÃ¢tisserie fraÃ®che,ğŸ¥–
75,10.71B,10,Cuisson de produits de boulangerie,ğŸ¥–
76,10.71C,10,Boulangerie et boulangerie-pÃ¢tisserie,ğŸ¥–
77,10.71D,10,PÃ¢tisserie,ğŸ°
78,10.72Z,10,"Fabrication de biscuits, biscottes et pÃ¢tisseries de conservation",ğŸª
79,10.73Z,10,Fabrication de pÃ¢tes alimentaires,ğŸ
80,10.81Z,10,Fabrication de sucre,ğŸ¬
81,10.82Z,10,"Fabrication de cacao, chocolat et de produits de confiserie",ğŸ«
82,10.83Z,10,Transformation du thÃ© et du cafÃ©,â˜•
83,10.84Z,10,Fabrication de condiments et assaisonnements,ğŸŒ¶ï¸
84,10.85Z,10,Fabrication de plats prÃ©parÃ©s,ğŸ±
85,10.86Z,10,Fabrication d'aliments homogÃ©nÃ©isÃ©s et diÃ©tÃ©tiques,ğŸ²
86,10.89Z,10,Fabrication d'autres produits alimentaires n.c.a.,ğŸ½ï¸
87,10.91Z,10,Fabrication d'aliments pour animaux de ferme,ğŸ”
88,10.92Z,10,Fabrication d'aliments pour animaux de compagnie,ğŸ¶
89,11.01Z,11,Production de boissons alcooliques distillÃ©es,ğŸ¥ƒ
90,11.02A,11,Fabrication de vins effervescents,ğŸ¾
91,11.02B,11,Vinification,ğŸ·
92,11.03Z,11,Fabrication de cidre et de vins de fruits,ğŸ
93,11.04Z,11,Production d'autres boissons fermentÃ©es non distillÃ©es,ğŸº
94,11.05Z,11,Fabrication de biÃ¨re,ğŸº
95,11.06Z,11,Fabrication de malt,ğŸŒ¾
96,11.07A,11,Industrie des eaux de table,ğŸš°
97,11.07B,11,Production de boissons rafraÃ®chissantes,ğŸ¥¤
98,12.00Z,12,Fabrication de produits Ã  base de tabac,ğŸš¬
99,13.10Z,13,PrÃ©paration de fibres textiles et filature,ğŸ§¶
100,13.20Z,13,Tissage,ğŸ§µ
101,13.30Z,13,Ennoblissement textile,ğŸ¨
102,13.91Z,13,Fabrication d'Ã©toffes Ã  mailles,ğŸ§£
103,13.92Z,13,"Fabrication d'articles textiles, sauf habillement",ğŸ§º
104,13.93Z,13,Fabrication de tapis et moquettes,ğŸ 
105,13.94Z,13,"Fabrication de ficelles, cordes et filets",ğŸª¢
106,13.95Z,13,"Fabrication de non-tissÃ©s, sauf habillement",ğŸ›ï¸
107,13.96Z,13,Fabrication d'autres textiles techniques et industriels,ğŸ”©
108,13.99Z,13,Fabrication d'autres textiles n.c.a.,ğŸ§¶
109,14.11Z,14,Fabrication de vÃªtements en cuir,ğŸ§¥
110,14.12Z,14,Fabrication de vÃªtements de travail,ğŸ‘·
111,14.13Z,14,Fabrication de vÃªtements de dessus,ğŸ‘š
112,14.14Z,14,Fabrication de vÃªtements de dessous,ğŸ©²
113,14.19Z,14,Fabrication d'autres vÃªtements et accessoires,ğŸ§¢
114,14.20Z,14,Fabrication d'articles en fourrure,ğŸ§¥
115,14.31Z,14,Fabrication d'articles chaussants Ã  mailles,ğŸ§¦
116,14.39Z,14,Fabrication d'autres articles Ã  mailles,ğŸ§¶
117,15.11Z,15,ApprÃªt et tannage des cuirs ; prÃ©paration et teinture des fourrures,ğŸ§´
118,15.12Z,15,"Fabrication d'articles de voyage, de maroquinerie et de sellerie",ğŸ‘œ
119,15.20Z,15,Fabrication de chaussures,ğŸ‘Ÿ
120,16.10A,16,"Sciage et rabotage du bois, hors imprÃ©gnation",ğŸªµ
121,16.10B,16,ImprÃ©gnation du bois,ğŸªµ
122,16.21Z,16,Fabrication de placage et de panneaux de bois,ğŸšª
123,16.22Z,16,Fabrication de parquets assemblÃ©s,ğŸªµ
124,16.23Z,16,Fabrication de charpentes et d'autres menuiseries,ğŸªŸ
125,16.24Z,16,Fabrication d'emballages en bois,ğŸ“¦
126,16.29Z,16,"Fabrication d'objets divers en bois ; fabrication d'objets en liÃ¨ge, vannerie et sparterie",ğŸ§º
127,17.11Z,17,Fabrication de pÃ¢te Ã  papier,ğŸŒ²
128,17.12Z,17,Fabrication de papier et de carton,ğŸ“„
129,17.21A,17,Fabrication de carton ondulÃ©,ğŸ“¦
130,17.21B,17,Fabrication de cartonnages,ğŸ“¦
131,17.21C,17,Fabrication d'emballages en papier,ğŸ›ï¸
132,17.22Z,17,Fabrication d'articles en papier Ã  usage sanitaire ou domestique,ğŸ§»
133,17.23Z,17,Fabrication d'articles de papeterie,ğŸ““
134,17.24Z,17,Fabrication de papiers peints,ğŸ¡
135,17.29Z,17,Fabrication d'autres articles en papier ou en carton,ğŸ“
136,18.11Z,18,Imprimerie de journaux,ğŸ“°
137,18.12Z,18,Autre imprimerie (labeur),ğŸ–¨ï¸
138,18.13Z,18,ActivitÃ©s de prÃ©-presse,ğŸ–¥ï¸
139,18.14Z,18,Reliure et activitÃ©s connexes,ğŸ“š
140,18.20Z,18,Reproduction d'enregistrements,ğŸ’¿
141,19.10Z,19,CokÃ©faction,â™¨ï¸
142,19.20Z,19,Raffinage du pÃ©trole,ğŸ›¢ï¸
143,20.11Z,20,Fabrication de gaz industriels,âš—ï¸
144,20.12Z,20,Fabrication de colorants et de pigments,ğŸ¨
145,20.13A,20,Enrichissement et retraitement de matiÃ¨res nuclÃ©aires,â˜¢ï¸
146,20.13B,20,Fabrication d'autres produits chimiques inorganiques de base n.c.a.,âš—ï¸
147,20.14Z,20,Fabrication d'autres produits chimiques organiques de base,âš—ï¸
148,20.15Z,20,Fabrication de produits azotÃ©s et d'engrais,ğŸ§ª
149,20.16Z,20,Fabrication de matiÃ¨res plastiques de base,ğŸ›¢ï¸
150,20.17Z,20,Fabrication de caoutchouc synthÃ©tique,ğŸ§´
151,20.20Z,20,Fabrication de pesticides et d'autres produits agrochimiques,ğŸ§ª
152,20.30Z,20,"Fabrication de peintures, vernis, encres et mastics",ğŸ¨
153,20.41Z,20,"Fabrication de savons, dÃ©tergents et produits d'entretien",ğŸ§¼
154,20.42Z,20,Fabrication de parfums et de produits pour la toilette,ğŸ§´
155,20.51Z,20,Fabrication de produits explosifs,ğŸ’£
156,20.52Z,20,Fabrication de colles,ğŸ§´
157,20.53Z,20,Fabrication d'huiles essentielles,ğŸŒ¿
158,20.59Z,20,Fabrication d'autres produits chimiques n.c.a.,âš—ï¸
159,20.60Z,20,Fabrication de fibres artificielles ou synthÃ©tiques,ğŸ§¶
160,21.10Z,21,Fabrication de produits pharmaceutiques de base,ğŸ’Š
161,21.20Z,21,Fabrication de prÃ©parations pharmaceutiques,ğŸ’Š
162,22.11Z,22,Fabrication et rechapage de pneumatiques,ğŸš—
163,22.19Z,22,Fabrication d'autres articles en caoutchouc,ğŸ§´
164,22.21Z,22,"Fabrication de plaques, feuilles, tubes et profilÃ©s en matiÃ¨res plastiques",ğŸ“
165,22.22Z,22,Fabrication d'emballages en matiÃ¨res plastiques,ğŸ“¦
166,22.23Z,22,Fabrication d'Ã©lÃ©ments en matiÃ¨res plastiques pour la construction,ğŸ—ï¸
167,22.29A,22,Fabrication de piÃ¨ces techniques Ã  base de matiÃ¨res plastiques,ğŸ”§
168,22.29B,22,Fabrication de produits de consommation courante en matiÃ¨res plastiques,ğŸ–Šï¸
169,23.11Z,23,Fabrication de verre plat,ğŸªŸ
170,23.12Z,23,FaÃ§onnage et transformation du verre plat,ğŸ–¼ï¸
171,23.13Z,23,Fabrication de verre creux,ğŸ·
172,23.14Z,23,Fabrication de fibres de verre,ğŸ§¶
173,23.19Z,23,"Fabrication et faÃ§onnage d'autres articles en verre, y compris verre technique",ğŸ”¬
174,23.20Z,23,Fabrication de produits rÃ©fractaires,ğŸ§±
175,23.31Z,23,Fabrication de carreaux en cÃ©ramique,ğŸŸ¦
176,23.32Z,23,"Fabrication de briques, tuiles et produits de construction en terre cuite",ğŸ§±
177,23.41Z,23,Fabrication d'articles cÃ©ramiques Ã  usage domestique ou ornemental,ğŸº
178,23.43Z,23,Fabrication d'isolateurs et piÃ¨ces isolantes en cÃ©ramique,ğŸ›¡ï¸
179,23.44Z,23,Fabrication d'autres produits cÃ©ramiques Ã  usage technique,ğŸ”©
180,23.49Z,23,Fabrication d'autres produits cÃ©ramiques,ğŸº
181,23.51Z,23,Fabrication de ciment,ğŸ—ï¸
182,23.52Z,23,Fabrication de chaux et plÃ¢tre,ğŸ§±
183,23.61Z,23,Fabrication d'Ã©lÃ©ments en bÃ©ton pour la construction,ğŸ§±
184,23.62Z,23,Fabrication d'Ã©lÃ©ments en plÃ¢tre pour la construction,ğŸ 
185,23.63Z,23,Fabrication de bÃ©ton prÃªt Ã  l'emploi,ğŸšš
186,23.64Z,23,Fabrication de mortiers et bÃ©tons secs,ğŸ§±
187,23.65Z,23,Fabrication d'ouvrages en fibre-ciment,ğŸ¢
188,23.69Z,23,"Fabrication d'autres ouvrages en bÃ©ton, en ciment ou en plÃ¢tre",ğŸ—ï¸
189,23.70Z,23,"Taille, faÃ§onnage et finissage de pierres",ğŸ—¿
190,23.91Z,23,Fabrication de produits abrasifs,ğŸ“€
191,23.99Z,23,Fabrication d'autres produits minÃ©raux non mÃ©talliques n.c.a.,ğŸº
192,24.10Z,24,SidÃ©rurgie,ğŸ­
193,24.20Z,24,"Fabrication de tubes, tuyaux, profilÃ©s creux et accessoires correspondants en acier",ğŸš‡
194,24.31Z,24,Ã‰tirage Ã  froid de barres,ğŸ”§
195,24.32Z,24,Laminage Ã  froid de feuillards,ğŸ­
196,24.33Z,24,Profilage Ã  froid par formage ou pliage,ğŸ› ï¸
197,24.34Z,24,TrÃ©filage Ã  froid,ğŸ”—
198,24.41Z,24,Production de mÃ©taux prÃ©cieux,ğŸ’
199,24.42Z,24,MÃ©tallurgie de l'aluminium,ğŸ¥¤
200,24.43Z,24,"MÃ©tallurgie du plomb, du zinc ou de l'Ã©tain",ğŸ”‹
201,24.44Z,24,MÃ©tallurgie du cuivre,ğŸª™
202,24.45Z,24,MÃ©tallurgie des autres mÃ©taux non ferreux,ğŸª™
203,24.46Z,24,Ã‰laboration et transformation de matiÃ¨res nuclÃ©aires,â˜¢ï¸
204,24.51Z,24,Fonderie de fonte,ğŸ­
205,24.52Z,24,Fonderie d'acier,ğŸ› ï¸
206,24.53Z,24,Fonderie de mÃ©taux lÃ©gers,âœˆï¸
207,24.54Z,24,Fonderie d'autres mÃ©taux non ferreux,ğŸª™
208,25.11Z,25,Fabrication de structures mÃ©talliques et de parties de structures,ğŸ—ï¸
209,25.12Z,25,Fabrication de portes et fenÃªtres en mÃ©tal,ğŸšª
210,25.21Z,25,Fabrication de radiateurs et de chaudiÃ¨res pour le chauffage central,ğŸŒ¡ï¸
211,25.29Z,25,"Fabrication d'autres rÃ©servoirs, citernes et conteneurs mÃ©talliques",ğŸ›¢ï¸
212,25.30Z,25,"Fabrication de gÃ©nÃ©rateurs de vapeur, Ã  l'exception des chaudiÃ¨res pour le chauffage central",â™¨ï¸
213,25.40Z,25,Fabrication d'armes et de munitions,ğŸ”«
214,25.50A,25,"Forge, estampage, matriÃ§age; mÃ©tallurgie des poudres",ğŸ”¨
215,25.50B,25,"DÃ©coupage, emboutissage",ğŸ”§
216,25.61Z,25,Traitement et revÃªtement des mÃ©taux,ğŸ›¡ï¸
217,25.62A,25,DÃ©colletage,ğŸ—œï¸
218,25.62B,25,MÃ©canique industrielle,ğŸ› ï¸
219,25.71Z,25,Fabrication de coutellerie,ğŸ´
220,25.72Z,25,Fabrication de serrures et de ferrures,ğŸ”’
221,25.73A,25,Fabrication de moules et modÃ¨les,ğŸ› ï¸
222,25.73B,25,Fabrication d'autres outillages,ğŸ”§
223,25.91Z,25,Fabrication de fÃ»ts et emballages mÃ©talliques similaires,ğŸ›¢ï¸
224,25.92Z,25,Fabrication d'emballages mÃ©talliques lÃ©gers,ğŸ¥«
225,25.93Z,25,"Fabrication d'articles en fils mÃ©talliques, de chaÃ®nes et de ressorts",ğŸ”—
226,25.94Z,25,Fabrication de vis et de boulons,ğŸ§°
227,25.99A,25,Fabrication d'articles mÃ©talliques mÃ©nagers,ğŸ³
228,25.99B,25,Fabrication d'autres articles mÃ©talliques,ğŸ—œï¸
229,26.11Z,26,Fabrication de composants Ã©lectroniques,ğŸ–¥ï¸
230,26.12Z,26,Fabrication de cartes Ã©lectroniques assemblÃ©es,ğŸ–¥ï¸
231,26.20Z,26,Fabrication d'ordinateurs et d'Ã©quipements pÃ©riphÃ©riques,ğŸ–¥ï¸
232,26.30Z,26,Fabrication d'Ã©quipements de communication,ğŸ“¡
233,26.40Z,26,Fabrication de produits Ã©lectroniques grand public,ğŸ“º
234,26.51A,26,Fabrication d'Ã©quipements d'aide Ã  la navigation,ğŸ›°ï¸
235,26.51B,26,Fabrication d'instrumentation scientifique et technique,ğŸ”¬
236,26.52Z,26,Horlogerie,âŒš
237,26.60Z,26,"Fabrication d'Ã©quipements d'irradiation mÃ©dicale, d'Ã©quipements Ã©lectromÃ©dicaux et Ã©lectrothÃ©rapeutiques",ğŸ¥
238,26.70Z,26,Fabrication de matÃ©riels optique et photographique,ğŸ“·
239,26.80Z,26,Fabrication de supports magnÃ©tiques et optiques,ğŸ’¿
240,27.11Z,27,"Fabrication de moteurs, gÃ©nÃ©ratrices et transformateurs Ã©lectriques",ğŸ­
241,27.12Z,27,Fabrication de matÃ©riel de distribution et de commande Ã©lectrique,ğŸ”Œ
242,27.20Z,27,Fabrication de piles et d'accumulateurs Ã©lectriques,ğŸ”‹
243,27.31Z,27,Fabrication de cÃ¢bles de fibres optiques,ğŸŒ
244,27.32Z,27,Fabrication d'autres fils et cÃ¢bles Ã©lectroniques ou Ã©lectriques,ğŸ“
245,27.33Z,27,Fabrication de matÃ©riel d'installation Ã©lectrique,ğŸ’¡
246,27.40Z,27,Fabrication d'appareils d'Ã©clairage Ã©lectrique,ğŸ’¡
247,27.51Z,27,Fabrication d'appareils Ã©lectromÃ©nagers,ğŸ 
248,27.52Z,27,Fabrication d'appareils mÃ©nagers non Ã©lectriques,ğŸ³
249,27.90Z,27,Fabrication d'autres matÃ©riels Ã©lectriques,ğŸ–¨ï¸
250,28.11Z,28,"Fabrication de moteurs et turbines, Ã  l'exception des moteurs d'avions et de vÃ©hicules",ğŸš¢
251,28.12Z,28,Fabrication d'Ã©quipements hydrauliques et pneumatiques,ğŸ”§
252,28.13Z,28,Fabrication d'autres pompes et compresseurs,ğŸ”„
253,28.14Z,28,Fabrication d'autres articles de robinetterie,ğŸ”§
254,28.15Z,28,Fabrication d'engrenages et d'organes mÃ©caniques de transmission,âš™ï¸
255,28.21Z,28,Fabrication de fours et brÃ»leurs,ğŸ”¥
256,28.22Z,28,Fabrication de matÃ©riel de levage et de manutention,ğŸ—ï¸
257,28.23Z,28,Fabrication de machines et d'Ã©quipements de bureau (Ã  l'exception des ordinateurs et Ã©quipements pÃ©riphÃ©riques),ğŸ–¨ï¸
258,28.24Z,28,Fabrication d'outillage portatif Ã  moteur incorporÃ©,ğŸ”¨
259,28.25Z,28,Fabrication d'Ã©quipements aÃ©rauliques et frigorifiques industriels,â„ï¸
260,28.29A,28,"Fabrication d'Ã©quipements d'emballage, de conditionnement et de pesage",ğŸ“¦
261,28.29B,28,Fabrication d'autres machines d'usage gÃ©nÃ©ral,ğŸ­
262,28.30Z,28,Fabrication de machines agricoles et forestiÃ¨res,ğŸšœ
263,28.41Z,28,Fabrication de machines-outils pour le travail des mÃ©taux,ğŸ› ï¸
264,28.49Z,28,Fabrication d'autres machines-outils,ğŸ› ï¸
265,29.10Z,29,Construction de vÃ©hicules automobiles,ğŸš—
266,29.20Z,29,Fabrication de carrosseries et remorques,ğŸš›
267,29.31Z,29,Fabrication d'Ã©quipements Ã©lectriques et Ã©lectroniques automobiles,ğŸš˜
268,29.32Z,29,Fabrication d'autres Ã©quipements automobiles,ğŸš—
269,30.11Z,30,Construction de navires et de structures flottantes,ğŸš¢
270,30.12Z,30,Construction de bateaux de plaisance,â›µ
271,30.20Z,30,Construction de locomotives et d'autre matÃ©riel ferroviaire roulant,ğŸš‚
272,30.30Z,30,Construction aÃ©ronautique et spatiale,âœˆï¸
273,30.40Z,30,Construction de vÃ©hicules militaires de combat,ğŸšœ
274,30.91Z,30,Fabrication de motocycles,ğŸï¸
275,30.92Z,30,Fabrication de bicyclettes et de vÃ©hicules pour invalides,ğŸš²
276,30.99Z,30,Fabrication d'autres Ã©quipements de transport n.c.a.,ğŸšŠ
277,31.01Z,31,Fabrication de meubles de bureau et de magasin,ğŸ›‹ï¸
278,31.02Z,31,Fabrication de meubles de cuisine,ğŸšª
279,31.03Z,31,Fabrication de matelas,ğŸ›ï¸
280,31.09A,31,Fabrication de siÃ¨ges d'ameublement d'intÃ©rieur,ğŸ›‹ï¸
281,31.09B,31,Fabrication d'autres meubles et industries connexes de l'ameublement,ğŸ›‹ï¸
282,32.11Z,32,Frappe de monnaie,ğŸ’°
283,32.12Z,32,Fabrication d'articles de joaillerie et bijouterie,ğŸ’
284,32.13Z,32,Fabrication d'articles de bijouterie fantaisie et articles similaires,ğŸ“¿
285,32.20Z,32,Fabrication d'instruments de musique,ğŸ¸
286,32.30Z,32,Fabrication d'articles de sport,ğŸ€
287,32.40Z,32,Fabrication de jeux et jouets,ğŸ§¸
288,32.50A,32,Fabrication de matÃ©riel mÃ©dico-chirurgical et dentaire,ğŸ¦·
289,32.50B,32,Fabrication de lunettes,ğŸ•¶ï¸
290,32.91Z,33,Fabrication d'articles de brosserie,ğŸª¥
291,32.99Z,33,Autres activitÃ©s manufacturiÃ¨res n.c.a.,ğŸ”¨
292,33.11Z,33,RÃ©paration d'ouvrages en mÃ©taux,ğŸ› ï¸
293,33.12Z,33,RÃ©paration de machines et Ã©quipements mÃ©caniques,ğŸ”§
294,33.13Z,33,RÃ©paration de matÃ©riels Ã©lectroniques et optiques,ğŸ”§
295,33.14Z,33,RÃ©paration d'Ã©quipements Ã©lectriques,ğŸ”Œ
296,33.15Z,33,RÃ©paration et maintenance navale,ğŸš¢
297,33.16Z,33,RÃ©paration et maintenance d'aÃ©ronefs et d'engins spatiaux,âœˆï¸
298,33.17Z,33,RÃ©paration et maintenance d'autres Ã©quipements de transport,ğŸšŠ
299,33.19Z,33,RÃ©paration d'autres Ã©quipements,ğŸ› ï¸
300,33.20A,33,"Installation de structures mÃ©talliques, chaudronnÃ©es et de tuyauterie",ğŸ› ï¸
301,33.20B,33,Installation de machines et Ã©quipements mÃ©caniques,ğŸ”§
302,33.20C,33,Conception d'ensemble et assemblage sur site industriel d'Ã©quipements de contrÃ´le des processus industriels,ğŸ­
303,33.20D,33,"Installation d'Ã©quipements Ã©lectriques, de matÃ©riels Ã©lectroniques et optiques ou d'autres matÃ©riels",ğŸ”Œ
304,35.11Z,35,Production d'Ã©lectricitÃ©,âš¡
305,35.12Z,35,Transport d'Ã©lectricitÃ©,âš¡
306,35.13Z,35,Distribution d'Ã©lectricitÃ©,âš¡
307,35.14Z,35,Commerce d'Ã©lectricitÃ©,âš¡
308,35.21Z,35,Production de combustibles gazeux,ğŸ’¨
309,35.22Z,35,Distribution de combustibles gazeux par conduites,ğŸ’¨
310,35.23Z,35,Commerce de combustibles gazeux par conduites,ğŸ’¨
311,35.30Z,35,Production et distribution de vapeur et d'air conditionnÃ©,â˜ï¸
312,36.00Z,36,"Captage, traitement et distribution d'eau",ğŸ’§
313,37.00Z,37,Collecte et traitement des eaux usÃ©es,ğŸš°
314,38.11Z,38,Collecte des dÃ©chets non dangereux,ğŸ—‘ï¸
315,38.12Z,38,Collecte des dÃ©chets dangereux,â˜£ï¸
316,38.21Z,38,Traitement et Ã©limination des dÃ©chets non dangereux,â™»ï¸
317,38.22Z,38,Traitement et Ã©limination des dÃ©chets dangereux,â˜£ï¸
318,38.31Z,38,DÃ©mantÃ¨lement d'Ã©paves,ğŸš—
319,38.32Z,38,RÃ©cupÃ©ration de dÃ©chets triÃ©s,â™»ï¸
320,39.00Z,39,DÃ©pollution et autres services de gestion des dÃ©chets,ğŸŒ±
321,41.10A,41,Promotion immobiliÃ¨re de logements,ğŸ 
322,41.10B,41,Promotion immobiliÃ¨re de bureaux,ğŸ¢
323,41.10C,41,Promotion immobiliÃ¨re d'autres bÃ¢timents,ğŸ—ï¸
324,41.10D,41,Supports juridiques de programmes,ğŸ“œ
325,41.20A,41,Construction de maisons individuelles,ğŸ 
326,41.20B,41,Construction d'autres bÃ¢timents,ğŸ¢
327,42.11Z,42,Construction de routes et autoroutes,ğŸ›£ï¸
328,42.12Z,42,Construction de voies ferrÃ©es de surface et souterraines,ğŸš†
329,42.13A,42,Construction d'ouvrages d'art,ğŸŒ‰
330,42.13B,42,Construction et entretien de tunnels,ğŸš‡
331,42.21Z,42,Construction de rÃ©seaux pour fluides,ğŸš°
332,42.22Z,42,Construction de rÃ©seaux Ã©lectriques et de tÃ©lÃ©communications,âš¡ğŸ“¡
333,42.91Z,42,Construction d'ouvrages maritimes et fluviaux,âš“
334,42.99Z,42,Construction d'autres ouvrages de gÃ©nie civil n.c.a.,ğŸš§
335,43.11Z,43,Travaux de dÃ©molition,ğŸšï¸
336,43.12A,43,Travaux de terrassement courants et travaux prÃ©paratoires,ğŸšœ
337,43.12B,43,Travaux de terrassement spÃ©cialisÃ©s ou de grande masse,ğŸšœ
338,43.13Z,43,Forages et sondages,ğŸ› ï¸
339,43.21A,43,Travaux d'installation Ã©lectrique dans tous locaux,ğŸ”Œ
340,43.21B,43,Travaux d'installation Ã©lectrique sur la voie publique,ğŸ”Œ
341,43.22A,43,Travaux d'installation d'eau et de gaz en tous locaux,ğŸš°
342,43.22B,43,Travaux d'installation d'Ã©quipements thermiques et de climatisation,â„ï¸
343,43.29A,43,Travaux d'isolation,ğŸ 
344,43.29B,43,Autres travaux d'installation n.c.a.,ğŸ”§
345,43.31Z,43,Travaux de plÃ¢trerie,ğŸ 
346,43.32A,43,Travaux de menuiserie bois et PVC,ğŸšª
347,43.32B,43,Travaux de menuiserie mÃ©tallique et serrurerie,ğŸ”©
348,43.32C,43,Agencement de lieux de vente,ğŸ›’
349,43.33Z,43,Travaux de revÃªtement des sols et des murs,ğŸ 
350,43.34Z,43,Travaux de peinture et vitrerie,ğŸ–Œï¸
351,43.39Z,43,Autres travaux de finition,ğŸ–Œï¸
352,43.91A,43,Travaux de charpente,ğŸ 
353,43.91B,43,Travaux de couverture par Ã©lÃ©ments,ğŸ 
354,43.99A,43,Travaux d'Ã©tanchÃ©ification,ğŸ 
355,43.99B,43,Travaux de montage de structures mÃ©talliques,ğŸ—ï¸
356,43.99C,43,Travaux de maÃ§onnerie gÃ©nÃ©rale et gros Å“uvre de bÃ¢timent,ğŸ—ï¸
357,43.99D,43,Autres travaux spÃ©cialisÃ©s de construction,ğŸ—ï¸
358,43.99E,43,Location avec opÃ©rateur de matÃ©riel de construction,ğŸšœ
359,45.11Z,45,Commerce de voitures et de vÃ©hicules automobiles lÃ©gers,ğŸš—
360,45.19Z,45,Commerce d'autres vÃ©hicules automobiles,ğŸš™
361,45.20A,45,Entretien et rÃ©paration de vÃ©hicules automobiles lÃ©gers,ğŸ§°
362,45.20B,45,Entretien et rÃ©paration d'autres vÃ©hicules automobiles,ğŸ§°
363,45.31Z,45,Commerce de gros d'Ã©quipements automobiles,ğŸš—
364,45.32Z,45,Commerce de dÃ©tail d'Ã©quipements automobiles,ğŸ›’
365,45.40Z,45,Commerce et rÃ©paration de motocycles,ğŸï¸
366,46.11Z,46,"IntermÃ©diaires du commerce en matiÃ¨res premiÃ¨res agricoles, animaux vivants, matiÃ¨res premiÃ¨res textiles",ğŸŒ¾ğŸ‘ğŸ§µ
367,46.12A,46,Centrales d'achat de carburant,â›½
368,46.12B,46,"Autres intermÃ©diaires du commerce en combustibles, mÃ©taux, minÃ©raux et produits chimiques",â›ï¸ğŸ§ª
369,46.13Z,46,IntermÃ©diaires du commerce en bois et matÃ©riaux de construction,ğŸŒ²ğŸ—ï¸
370,46.14Z,46,"IntermÃ©diaires du commerce en machines, Ã©quipements industriels, navires et avions",ğŸ› ï¸âœˆï¸
371,46.15Z,46,"IntermÃ©diaires du commerce en meubles, articles de mÃ©nage et quincaillerie",ğŸ›‹ï¸ğŸ´
372,46.16Z,46,"IntermÃ©diaires du commerce en textiles, habillement, fourrures, chaussures et articles en cuir",ğŸ‘—ğŸ‘ 
373,46.17A,46,Centrales d'achat alimentaires,ğŸ¥©ğŸ
374,46.17B,46,"Autres intermÃ©diaires du commerce en denrÃ©es, boissons et tabac",ğŸ·ğŸš¬
375,46.18Z,46,IntermÃ©diaires spÃ©cialisÃ©s dans le commerce d'autres produits spÃ©cifiques,ğŸ”§ğŸ›’
376,46.19A,46,Centrales d'achat non alimentaires,ğŸ“¦
377,46.19B,46,Autres intermÃ©diaires du commerce en produits divers,ğŸ›ï¸
378,46.21Z,46,"Commerce de gros de cÃ©rÃ©ales, de tabac non manufacturÃ©, de semences et d'aliments pour le bÃ©tail",ğŸŒ¾ğŸ„
379,46.22Z,46,Commerce de gros de fleurs et plantes,ğŸŒ·
380,46.23Z,46,Commerce de gros d'animaux vivants,ğŸ„ğŸ–
381,46.24Z,46,Commerce de gros de cuirs et peaux,ğŸ„
382,46.31Z,46,Commerce de gros de fruits et lÃ©gumes,ğŸğŸ¥¦
383,46.32A,46,Commerce de gros de viandes de boucherie,ğŸ¥©
384,46.32B,46,Commerce de gros de produits Ã  base de viande,ğŸ–
385,46.32C,46,Commerce de gros de volailles et gibier,ğŸ—
386,46.33Z,46,"Commerce de gros de produits laitiers, Å“ufs, huiles et matiÃ¨res grasses comestibles",ğŸ§€ğŸ¥š
387,46.34Z,46,Commerce de gros de boissons,ğŸ¾ğŸ·
388,46.35Z,46,Commerce de gros de produits Ã  base de tabac,ğŸš¬
389,46.36Z,46,"Commerce de gros de sucre, chocolat et confiserie",ğŸ¬
390,46.37Z,46,"Commerce de gros de cafÃ©, thÃ©, cacao et Ã©pices",â˜•ğŸ«
391,46.38A,46,"Commerce de gros de poissons, crustacÃ©s et mollusques",ğŸŸ
392,46.38B,46,Commerce de gros alimentaire spÃ©cialisÃ© divers,ğŸ¥«
393,46.39A,46,Commerce de gros de produits surgelÃ©s,â„ï¸
394,46.39B,46,Commerce de gros alimentaire non spÃ©cialisÃ©,ğŸ›’
395,46.41Z,46,Commerce de gros de textiles,ğŸ§µ
396,46.42Z,46,Commerce de gros d'habillement et de chaussures,ğŸ‘—ğŸ‘Ÿ
397,46.43Z,46,Commerce de gros d'appareils Ã©lectromÃ©nagers,ğŸ§ºğŸ”Œ
398,46.44Z,46,"Commerce de gros de vaisselle, verrerie et produits d'entretien",ğŸ½ï¸ğŸ§¼
399,46.45Z,46,Commerce de gros de parfumerie et de produits de beautÃ©,ğŸ’„
400,46.46Z,46,Commerce de gros de produits pharmaceutiques,ğŸ’Š
401,46.47Z,46,"Commerce de gros de meubles, de tapis et d'appareils d'Ã©clairage",ğŸ›‹ï¸ğŸ’¡
402,46.48Z,46,Commerce de gros d'articles d'horlogerie et de bijouterie,âŒšğŸ’
403,46.49Z,46,Commerce de gros d'autres biens domestiques,ğŸ 
404,46.51Z,46,"Commerce de gros d'ordinateurs, d'Ã©quipements informatiques pÃ©riphÃ©riques et de logiciels",ğŸ’»
405,46.52Z,46,Commerce de gros de composants et d'Ã©quipements Ã©lectroniques et de tÃ©lÃ©communication,ğŸ“±ğŸ“¡
406,46.61Z,46,Commerce de gros de matÃ©riel agricole,ğŸšœ
407,46.62Z,46,Commerce de gros de machines-outils,ğŸ› ï¸
408,46.63Z,46,"Commerce de gros de machines pour l'extraction, la construction et le gÃ©nie civil",ğŸš§
409,46.64Z,46,Commerce de gros de machines pour l'industrie textile et l'habillement,ğŸ§µğŸ‘—
410,46.65Z,46,Commerce de gros de mobilier de bureau,ğŸ–¥ï¸ğŸª‘
411,46.66Z,46,Commerce de gros d'autres machines et Ã©quipements de bureau,ğŸ–¨ï¸ğŸ“ 
412,46.69A,46,Commerce de gros de matÃ©riel Ã©lectrique,ğŸ”Œ
413,46.69B,46,Commerce de gros de fournitures et Ã©quipements industriels divers,ğŸ”©
414,46.69C,46,Commerce de gros de fournitures et Ã©quipements divers pour le commerce et les services,ğŸ›ï¸
415,46.71Z,46,Commerce de gros de combustibles et de produits annexes,â›½
416,46.72Z,46,Commerce de gros de minerais et mÃ©taux,â›ï¸
417,46.73A,46,Commerce de gros de bois et de matÃ©riaux de construction,ğŸŒ²ğŸ—ï¸
418,46.73B,46,Commerce de gros d'appareils sanitaires et de produits de dÃ©coration,ğŸ›ğŸ–¼ï¸
419,46.74A,46,Commerce de gros de quincaillerie,ğŸ”©
420,46.74B,46,Commerce de gros de fournitures pour la plomberie et le chauffage,ğŸš¿
421,46.75Z,46,Commerce de gros de produits chimiques,ğŸ§ª
422,46.76Z,46,Commerce de gros d'autres produits intermÃ©diaires,ğŸ› ï¸
423,46.77Z,46,Commerce de gros de dÃ©chets et dÃ©bris,â™»ï¸
424,46.90Z,46,Commerce de gros non spÃ©cialisÃ©,ğŸ“¦
425,47.11A,47,Commerce de dÃ©tail de produits surgelÃ©s,â„ï¸
426,47.11B,47,Commerce d'alimentation gÃ©nÃ©rale,ğŸ
427,47.11C,47,SupÃ©rettes,ğŸª
428,47.11D,47,SupermarchÃ©s,ğŸª
429,47.11E,47,Magasins multi-commerces,ğŸ›’
430,47.11F,47,HypermarchÃ©s,ğŸ›’
431,47.19A,47,Grands magasins,ğŸ¬
432,47.19B,47,Autres commerces de dÃ©tail en magasin non spÃ©cialisÃ©,ğŸ›ï¸
433,47.21Z,47,Commerce de dÃ©tail de fruits et lÃ©gumes en magasin spÃ©cialisÃ©,ğŸğŸ¥¦
434,47.22Z,47,Commerce de dÃ©tail de viandes et de produits Ã  base de viande en magasin spÃ©cialisÃ©,ğŸ¥©
435,47.23Z,47,"Commerce de dÃ©tail de poissons, crustacÃ©s et mollusques en magasin spÃ©cialisÃ©",ğŸŸ
436,47.24Z,47,"Commerce de dÃ©tail de pain, pÃ¢tisserie et confiserie en magasin spÃ©cialisÃ©",ğŸğŸ°
437,47.25Z,47,Commerce de dÃ©tail de boissons en magasin spÃ©cialisÃ©,ğŸ¾
438,47.26Z,47,Commerce de dÃ©tail de produits Ã  base de tabac en magasin spÃ©cialisÃ©,ğŸš¬
439,47.29Z,47,Autres commerces de dÃ©tail alimentaires en magasin spÃ©cialisÃ©,ğŸ¯
440,47.30Z,47,Commerce de dÃ©tail de carburants en magasin spÃ©cialisÃ©,â›½
441,47.41Z,47,"Commerce de dÃ©tail d'ordinateurs, d'unitÃ©s pÃ©riphÃ©riques et de logiciels en magasin spÃ©cialisÃ©",ğŸ’»
442,47.42Z,47,Commerce de dÃ©tail de matÃ©riels de tÃ©lÃ©communication en magasin spÃ©cialisÃ©,ğŸ“±
443,47.43Z,47,Commerce de dÃ©tail de matÃ©riels audio et vidÃ©o en magasin spÃ©cialisÃ©,ğŸ“º
444,47.51Z,47,Commerce de dÃ©tail de textiles en magasin spÃ©cialisÃ©,ğŸ§µ
445,47.52A,47,"Commerce de dÃ©tail de quincaillerie, peintures et verres en petites surfaces (moins de 400 mÂ²)",ğŸ› ï¸
446,47.52B,47,"Commerce de dÃ©tail de quincaillerie, peintures et verres en grandes surfaces (400 mÂ² et plus)",ğŸ› ï¸
447,47.53Z,47,"Commerce de dÃ©tail de tapis, moquettes et revÃªtements de murs et de sols en magasin spÃ©cialisÃ©",ğŸ›‹ï¸
448,47.54Z,47,Commerce de dÃ©tail d'appareils Ã©lectromÃ©nagers en magasin spÃ©cialisÃ©,ğŸ›’
449,47.59A,47,Commerce de dÃ©tail de meubles,ğŸ›‹ï¸
450,47.59B,47,Commerce de dÃ©tail d'autres Ã©quipements du foyer,ğŸ 
451,47.61Z,47,Commerce de dÃ©tail de livres en magasin spÃ©cialisÃ©,ğŸ“š
452,47.62Z,47,Commerce de dÃ©tail de journaux et papeterie en magasin spÃ©cialisÃ©,ğŸ“°âœï¸
453,47.63Z,47,Commerce de dÃ©tail d'enregistrements musicaux et vidÃ©o en magasin spÃ©cialisÃ©,ğŸ“€ğŸµ
454,47.64Z,47,Commerce de dÃ©tail d'articles de sport en magasin spÃ©cialisÃ©,ğŸ€
455,47.65Z,47,Commerce de dÃ©tail de jeux et jouets en magasin spÃ©cialisÃ©,ğŸ§¸
456,47.71Z,47,Commerce de dÃ©tail d'habillement en magasin spÃ©cialisÃ©,ğŸ‘—
457,47.72A,47,Commerce de dÃ©tail de la chaussure,ğŸ‘Ÿ
458,47.72B,47,Commerce de dÃ©tail de maroquinerie et d'articles de voyage,ğŸ’
459,47.73Z,47,Commerce de dÃ©tail de produits pharmaceutiques en magasin spÃ©cialisÃ©,ğŸ’Š
460,47.74Z,47,Commerce de dÃ©tail d'articles mÃ©dicaux et orthopÃ©diques en magasin spÃ©cialisÃ©,ğŸ©º
461,47.75Z,47,Commerce de dÃ©tail de parfumerie et de produits de beautÃ© en magasin spÃ©cialisÃ©,ğŸ’„
462,47.76Z,47,"Commerce de dÃ©tail de fleurs, plantes, graines, engrais, animaux de compagnie et aliments pour ces animaux",ğŸŒ·ğŸ¶
463,47.77Z,47,Commerce de dÃ©tail d'articles d'horlogerie et de bijouterie en magasin spÃ©cialisÃ©,âŒšğŸ’
464,47.78A,47,Commerces de dÃ©tail d'optique,ğŸ‘“
465,47.78B,47,Commerces de dÃ©tail de charbons et combustibles,â›ï¸
466,47.78C,47,Autres commerces de dÃ©tail spÃ©cialisÃ©s divers,ğŸ›ï¸
467,47.79Z,47,Commerce de dÃ©tail de biens d'occasion en magasin,ğŸ“º
468,47.81Z,47,Commerce de dÃ©tail alimentaire sur Ã©ventaires et marchÃ©s,ğŸğŸ¥¦
469,47.82Z,47,"Commerce de dÃ©tail de textiles, d'habillement et de chaussures sur Ã©ventaires et marchÃ©s",ğŸ‘—ğŸ‘Ÿ
470,47.89Z,47,Autres commerces de dÃ©tail sur Ã©ventaires et marchÃ©s,ğŸ›’
471,47.91A,47,Vente Ã  distance sur catalogue gÃ©nÃ©ral,ğŸ“¦
472,47.91B,47,Vente Ã  distance sur catalogue spÃ©cialisÃ©,ğŸ“¦
473,47.99A,47,Vente Ã  domicile,ğŸ 
474,47.99B,47,"Vente par automates et autres commerces de dÃ©tail hors magasin, Ã©ventaires ou marchÃ©s n.c.a.",ğŸ›’
475,49.10Z,49,Transport ferroviaire interurbain de voyageurs,ğŸš†
476,49.20Z,49,Transports ferroviaires de fret,ğŸš‚
477,49.31Z,49,Transports urbains et suburbains de voyageurs,ğŸšŒ
478,49.32Z,49,Transports de voyageurs par taxis,ğŸš•
479,49.39A,49,Transports routiers rÃ©guliers de voyageurs,ğŸšŒ
480,49.39B,49,Autres transports routiers de voyageurs,ğŸš
481,49.39C,49,TÃ©lÃ©phÃ©riques et remontÃ©es mÃ©caniques,ğŸš 
482,49.41A,49,Transports routiers de fret interurbains,ğŸšš
483,49.41B,49,Transports routiers de fret de proximitÃ©,ğŸšš
484,49.41C,49,Location de camions avec chauffeur,ğŸš›
485,49.42Z,49,Services de dÃ©mÃ©nagement,ğŸšš
486,49.50Z,49,Transports par conduites,ğŸ›¢ï¸
487,50.10Z,50,Transports maritimes et cÃ´tiers de passagers,ğŸš¢
488,50.20Z,50,Transports maritimes et cÃ´tiers de fret,ğŸš¢
489,50.30Z,50,Transports fluviaux de passagers,ğŸš¤
490,50.40Z,50,Transports fluviaux de fret,ğŸš¤
491,51.10Z,51,Transports aÃ©riens de passagers,âœˆï¸
492,51.21Z,51,Transports aÃ©riens de fret,âœˆï¸
493,51.22Z,51,Transports spatiaux,ğŸš€
494,52.10A,52,Entreposage et stockage frigorifique,â„ï¸
495,52.10B,52,Entreposage et stockage non frigorifique,ğŸ“¦
496,52.21Z,52,Services auxiliaires des transports terrestres,ğŸš‰
497,52.22Z,52,Services auxiliaires des transports par eau,âš“
498,52.23Z,52,Services auxiliaires des transports aÃ©riens,âœˆï¸
499,52.24A,52,Manutention portuaire,ğŸ—ï¸
500,52.24B,52,Manutention non portuaire,ğŸ› ï¸
501,52.29A,52,"Messagerie, fret express",ğŸ“¦
502,52.29B,52,AffrÃ¨tement et organisation des transports,ğŸ“¦
503,53.10Z,53,ActivitÃ©s de poste dans le cadre d'une obligation de service universel,ğŸ“®
504,53.20Z,53,Autres activitÃ©s de poste et de courrier,ğŸ“¬
505,55.10Z,55,HÃ´tels et hÃ©bergement similaire,ğŸ¨
506,55.20Z,55,HÃ©bergement touristique et autre hÃ©bergement de courte durÃ©e,ğŸ¡
507,55.30Z,55,Terrains de camping et parcs pour caravanes ou vÃ©hicules de loisirs,ğŸ•ï¸
508,55.90Z,55,Autres hÃ©bergements,ğŸ›ï¸
509,56.10A,56,Restauration traditionnelle,ğŸ½ï¸
510,56.10B,56,CafÃ©tÃ©rias et autres libres-services,ğŸ´
511,56.10C,56,Restauration de type rapide,ğŸ”
512,56.21Z,56,Services des traiteurs,ğŸ½ï¸
513,56.29A,56,Restauration collective sous contrat,ğŸ²
514,56.29B,56,Autres services de restauration n.c.a.,ğŸ´
515,56.30Z,56,DÃ©bits de boissons,ğŸ»
516,58.11Z,58,Ã‰dition de livres,ğŸ“š
517,58.12Z,58,Ã‰dition de rÃ©pertoires et de fichiers d'adresses,ğŸ“–
518,58.13Z,58,Ã‰dition de journaux,ğŸ“°
519,58.14Z,58,Ã‰dition de revues et pÃ©riodiques,ğŸ“”
520,58.19Z,58,Autres activitÃ©s d'Ã©dition,ğŸ“š
521,58.21Z,58,Ã‰dition de jeux Ã©lectroniques,ğŸ®
522,58.29A,58,Ã‰dition de logiciels systÃ¨me et de rÃ©seau,ğŸ’¾
523,58.29B,58,Ã‰dition de logiciels outils de dÃ©veloppement et de langages,ğŸ’¾
524,58.29C,58,Ã‰dition de logiciels applicatifs,ğŸ“±
525,59.11A,59,Production de films et de programmes pour la tÃ©lÃ©vision,ğŸ¬
526,59.11B,59,Production de films institutionnels et publicitaires,ğŸ“¹
527,59.11C,59,Production de films pour le cinÃ©ma,ğŸ¥
528,59.12Z,59,"Post-production de films cinÃ©matographiques, de vidÃ©o et de programmes de tÃ©lÃ©vision",ğŸï¸
529,59.13A,59,Distribution de films cinÃ©matographiques,ğŸ¥
530,59.13B,59,Ã‰dition et distribution vidÃ©o,ğŸ“¼
531,59.14Z,59,Projection de films cinÃ©matographiques,ğŸ¥
532,59.20Z,59,Enregistrement sonore et Ã©dition musicale,ğŸµ
533,60.10Z,60,Ã‰dition et diffusion de programmes radio,ğŸ“»
534,60.20A,60,Ã‰dition de chaÃ®nes gÃ©nÃ©ralistes,ğŸ“º
535,60.20B,60,Ã‰dition de chaÃ®nes thÃ©matiques,ğŸ“º
536,61.10Z,61,TÃ©lÃ©communications filaires,ğŸ“
537,61.20Z,61,TÃ©lÃ©communications sans fil,ğŸ“±
538,61.30Z,61,TÃ©lÃ©communications par satellite,ğŸ“¡
539,61.90Z,61,Autres activitÃ©s de tÃ©lÃ©communication,ğŸ“¡
540,62.01Z,62,Programmation informatique,ğŸ’»
541,62.02A,62,Conseil en systÃ¨mes et logiciels informatiques,ğŸ–¥ï¸
542,62.02B,62,Tierce maintenance de systÃ¨mes et d'applications informatiques,ğŸ”§
543,62.03Z,62,Gestion d'installations informatiques,ğŸ–¥ï¸
544,62.09Z,62,Autres activitÃ©s informatiques,ğŸ’»
545,63.11Z,63,"Traitement de donnÃ©es, hÃ©bergement et activitÃ©s connexes",ğŸ–¥ï¸ğŸ“Š
546,63.12Z,63,Portails internet,ğŸŒ
547,63.91Z,63,ActivitÃ©s des agences de presse,ğŸ“°
548,63.99Z,63,Autres services d'information n.c.a.,ğŸ“„
549,64.11Z,64,ActivitÃ©s de banque centrale,ğŸ¦
550,64.19Z,64,Autres intermÃ©diations monÃ©taires,ğŸ’¸
551,64.20Z,64,ActivitÃ©s des sociÃ©tÃ©s holding,ğŸ¢
552,64.30Z,64,Fonds de placement et entitÃ©s financiÃ¨res similaires,ğŸ“ˆ
553,64.91Z,64,CrÃ©dit-bail,ğŸ­
554,64.92Z,64,Autre distribution de crÃ©dit,ğŸ’³
555,64.99Z,64,"Autres activitÃ©s des services financiers, hors assurance et caisses de retraite",ğŸ’°
556,65.11Z,65,Assurance vie,ğŸ“„
557,65.12Z,65,Autres assurances,ğŸ“„
558,65.20Z,65,RÃ©assurance,ğŸ“‘
559,65.30Z,65,Caisses de retraite,ğŸ¦
560,66.11Z,66,Administration de marchÃ©s financiers,ğŸ›ï¸
561,66.12Z,66,Courtage de valeurs mobiliÃ¨res et de marchandises,ğŸ’¹
562,66.19A,66,Supports juridiques de gestion de patrimoine mobilier,ğŸ“‘
563,66.19B,66,"Autres activitÃ©s auxiliaires de services financiers, hors assurance et caisses de retraite",ğŸ“Š
564,66.21Z,66,Ã©valuation des risques et dommages,ğŸ”
565,66.22Z,66,ActivitÃ©s des agents et courtiers d'assurances,ğŸ§¾
566,66.29Z,66,Autres activitÃ©s auxiliaires d'assurance et de caisses de retraite,ğŸ“‹
567,66.30Z,66,Gestion de fonds,ğŸ“ˆ
568,68.10Z,68,ActivitÃ©s des marchands de biens immobiliers,ğŸ¢
569,68.20A,68,Location de logements,ğŸ 
570,68.20B,68,Location de terrains et d'autres biens immobiliers,ğŸ¡
571,68.31Z,68,Agences immobiliÃ¨res,ğŸ 
572,68.32A,68,Administration d'immeubles et autres biens immobiliers,ğŸ¢
573,68.32B,68,Supports juridiques de gestion de patrimoine immobilier,ğŸ“
574,69.10Z,69,ActivitÃ©s juridiques,âš–ï¸
575,69.20Z,69,ActivitÃ©s comptables,ğŸ§¾
576,70.10Z,70,ActivitÃ©s des siÃ¨ges sociaux,ğŸ¢
577,70.21Z,70,Conseil en relations publiques et communication,ğŸ—£ï¸
578,70.22Z,70,Conseil pour les affaires et autres conseils de gestion,ğŸ’¼
579,71.11Z,71,ActivitÃ©s d'architecture,ğŸ“
580,71.12A,71,ActivitÃ© des gÃ©omÃ¨tres,ğŸ“
581,71.12B,71,"IngÃ©nierie, Ã©tudes techniques",ğŸ”¬
582,71.20A,72,ContrÃ´le technique automobile,ğŸš—
583,71.20B,72,"Analyses, essais et inspections techniques",ğŸ”
584,72.11Z,73,Recherche-dÃ©veloppement en biotechnologie,ğŸ”¬
585,72.19Z,73,Recherche-dÃ©veloppement en autres sciences physiques et naturelles,ğŸ”­
586,72.20Z,73,Recherche-dÃ©veloppement en sciences humaines et sociales,ğŸ“–
587,73.11Z,74,ActivitÃ©s des agences de publicitÃ©,ğŸ“¢
588,73.12Z,74,RÃ©gie publicitaire de mÃ©dias,ğŸ“º
589,73.20Z,74,Ã‰tudes de marchÃ© et sondages,ğŸ“Š
590,74.10Z,74,ActivitÃ©s spÃ©cialisÃ©es de design,ğŸ¨
591,74.20Z,74,ActivitÃ©s photographiques,ğŸ“¸
592,74.30Z,74,Traduction et interprÃ©tation,ğŸŒ
593,74.90A,74,ActivitÃ© des Ã©conomistes de la construction,ğŸ—ï¸
594,74.90B,74,"ActivitÃ©s spÃ©cialisÃ©es, scientifiques et techniques diverses",ğŸ”¬
595,75.00Z,75,ActivitÃ©s vÃ©tÃ©rinaires,ğŸ¾
596,77.11A,77,Location de courte durÃ©e de voitures et de vÃ©hicules automobiles lÃ©gers,ğŸš—
597,77.11B,77,Location de longue durÃ©e de voitures et de vÃ©hicules automobiles lÃ©gers,ğŸš—
598,77.12Z,77,Location et location-bail de camions,ğŸšš
599,77.21Z,77,Location et location-bail d'articles de loisirs et de sport,ğŸš´ğŸ¿
600,77.22Z,77,Location de vidÃ©ocassettes et disques vidÃ©o,ğŸ“¼
601,77.29Z,77,Location et location-bail d'autres biens personnels et domestiques,ğŸ 
602,77.31Z,77,Location et location-bail de machines et Ã©quipements agricoles,ğŸšœ
603,77.32Z,77,Location et location-bail de machines et Ã©quipements pour la construction,ğŸ—ï¸
604,77.33Z,77,Location et location-bail de machines de bureau et de matÃ©riel informatique,ğŸ’»
605,77.34Z,77,Location et location-bail de matÃ©riels de transport par eau,â›µ
606,77.35Z,77,Location et location-bail de matÃ©riels de transport aÃ©rien,âœˆï¸
607,77.39Z,77,"Location et location-bail d'autres machines, Ã©quipements et biens matÃ©riels n.c.a.",ğŸ—ï¸
608,77.40Z,77,"Location-bail de propriÃ©tÃ© intellectuelle et de produits similaires, Ã  l'exception des Å“uvres soumises Ã  copyright",ğŸ§ 
609,78.10Z,78,ActivitÃ©s des agences de placement de main-d'Å“uvre,ğŸ¤
610,78.20Z,78,ActivitÃ©s des agences de travail temporaire,â³
611,78.30Z,78,Autre mise Ã  disposition de ressources humaines,ğŸ”„
612,79.11Z,79,ActivitÃ©s des agences de voyage,âœˆï¸ğŸŒ
613,79.12Z,79,ActivitÃ©s des voyagistes,ğŸŒğŸ›„
614,79.90Z,79,Autres services de rÃ©servation et activitÃ©s connexes,ğŸŸï¸
615,80.10Z,80,ActivitÃ©s de sÃ©curitÃ© privÃ©e,ğŸ›¡ï¸
616,80.20Z,80,ActivitÃ©s liÃ©es aux systÃ¨mes de sÃ©curitÃ©,ğŸ”’
617,80.30Z,80,ActivitÃ©s d'enquÃªte,ğŸ”
618,81.10Z,81,ActivitÃ©s combinÃ©es de soutien liÃ© aux bÃ¢timents,ğŸ¢
619,81.21Z,81,Nettoyage courant des bÃ¢timents,ğŸ§¼
620,81.22Z,81,Autres activitÃ©s de nettoyage des bÃ¢timents et nettoyage industriel,ğŸ­
621,81.29A,81,"DÃ©sinfection, dÃ©sinsectisation, dÃ©ratisation",ğŸ€
622,81.29B,81,Autres activitÃ©s de nettoyage n.c.a.,ğŸ§¹
623,81.30Z,81,Services d'amÃ©nagement paysager,ğŸŒ³
624,82.11Z,82,Services administratifs combinÃ©s de bureau,ğŸ“‘
625,82.19Z,82,"Photocopie, prÃ©paration de documents et autres activitÃ©s spÃ©cialisÃ©es de soutien de bureau",ğŸ–¨ï¸
626,82.20Z,82,ActivitÃ©s de centres d'appels,ğŸ“
627,82.30Z,82,"Organisation de foires, salons professionnels et congrÃ¨s",ğŸª
628,82.91Z,82,ActivitÃ©s des agences de recouvrement de factures et des sociÃ©tÃ©s d'information financiÃ¨re sur la clientÃ¨le,ğŸ§¾
629,82.92Z,82,ActivitÃ©s de conditionnement,ğŸ“¦
630,82.99Z,82,Autres activitÃ©s de soutien aux entreprises n.c.a.,ğŸ¤
631,84.11Z,84,Administration publique gÃ©nÃ©rale,ğŸ›ï¸
632,84.12Z,84,"Administration publique (tutelle) de la santÃ©, de la formation, de la culture et des services sociaux",ğŸ¥
633,84.13Z,84,Administration publique (tutelle) des activitÃ©s Ã©conomiques,ğŸ“ˆ
634,84.21Z,84,Affaires Ã©trangÃ¨res,ğŸŒ
635,84.22Z,84,DÃ©fense,ğŸª–
636,84.23Z,84,Justice,âš–ï¸
637,84.24Z,84,ActivitÃ©s d'ordre public et de sÃ©curitÃ©,ğŸ‘®
638,84.25Z,84,Services du feu et de secours,ğŸš’
639,84.30A,84,ActivitÃ©s gÃ©nÃ©rales de sÃ©curitÃ© sociale,ğŸ›‚
640,85.10Z,85,Enseignement prÃ©-primaire,ğŸ§¸
641,85.20Z,85,Enseignement primaire,ğŸ
642,85.31Z,85,Enseignement secondaire gÃ©nÃ©ral,ğŸ“š
643,85.32Z,85,Enseignement secondaire technique ou professionnel,ğŸ”§
644,85.41Z,85,Enseignement post-secondaire non supÃ©rieur,ğŸ«
645,85.42Z,85,Enseignement supÃ©rieur,ğŸ“
646,85.51Z,85,Enseignement de disciplines sportives et d'activitÃ©s de loisirs,ğŸ€
647,85.52Z,85,Enseignement culturel,ğŸ¨
648,85.53Z,85,Enseignement de la conduite,ğŸš—
649,85.59A,85,Formation continue d'adultes,ğŸ§‘â€ğŸ“
650,85.59B,85,Autres enseignements,ğŸ“–
651,85.60Z,85,ActivitÃ©s de soutien Ã  l'enseignement,ğŸ“š
652,86.10Z,86,ActivitÃ©s hospitaliÃ¨res,ğŸ¥
653,86.21Z,86,ActivitÃ© des mÃ©decins gÃ©nÃ©ralistes,ğŸ‘¨â€âš•ï¸
654,86.22A,86,ActivitÃ©s de radiodiagnostic et de radiothÃ©rapie,ğŸ©»
655,86.22B,86,ActivitÃ©s chirurgicales,ğŸ”ª
656,86.22C,86,Autres activitÃ©s des mÃ©decins spÃ©cialistes,ğŸ‘©â€âš•ï¸
657,86.23Z,86,Pratique dentaire,ğŸ¦·
658,86.90A,86,Ambulances,ğŸš‘
659,86.90B,86,Laboratoires d'analyses mÃ©dicales,ğŸ”¬
660,86.90C,86,Centres de collecte et banques d'organes,ğŸ¥
661,86.90D,86,ActivitÃ©s des infirmiers et des sages-femmes,ğŸ‘©â€âš•ï¸ğŸ‘¶
662,86.90E,86,"ActivitÃ©s des professionnels de la rÃ©Ã©ducation, de lâ€™appareillage et des pÃ©dicures-podologues",ğŸ¦µ
663,86.90F,86,ActivitÃ©s de santÃ© humaine non classÃ©es ailleurs,ğŸ§¬
664,87.10A,87,HÃ©bergement mÃ©dicalisÃ© pour personnes Ã¢gÃ©es,ğŸ¥
665,87.10B,87,HÃ©bergement mÃ©dicalisÃ© pour enfants handicapÃ©s,ğŸ¥
666,87.10C,87,HÃ©bergement mÃ©dicalisÃ© pour adultes handicapÃ©s et autre hÃ©bergement mÃ©dicalisÃ©,ğŸ¥
667,87.20A,87,HÃ©bergement social pour handicapÃ©s mentaux et malades mentaux,ğŸ§ 
668,87.20B,87,HÃ©bergement social pour toxicomanes,ğŸš­
669,87.30A,87,HÃ©bergement social pour personnes Ã¢gÃ©es,ğŸ§“
670,87.30B,87,HÃ©bergement social pour handicapÃ©s physiques,â™¿
671,87.90A,87,HÃ©bergement social pour enfants en difficultÃ©s,ğŸ‘¶
672,87.90B,87,HÃ©bergement social pour adultes et familles en difficultÃ©s et autre hÃ©bergement social,ğŸ‘ª
673,88.10A,88,Aide Ã  domicile,ğŸ 
674,88.10B,88,Accueil ou accompagnement sans hÃ©bergement d'adultes handicapÃ©s ou de personnes Ã¢gÃ©es,ğŸ§“
675,88.10C,88,Aide par le travail,ğŸ’¼
676,88.91A,88,Accueil de jeunes enfants,ğŸ‘¶
677,88.91B,88,Accueil ou accompagnement sans hÃ©bergement d'enfants handicapÃ©s,ğŸ‘¦ğŸ§‘
678,88.99A,88,Autre accueil ou accompagnement sans hÃ©bergement d'enfants et d'adolescents,ğŸ‘§ğŸ§’
679,88.99B,88,Action sociale sans hÃ©bergement n.c.a.,ğŸ†˜
680,90.01Z,90,Arts du spectacle vivant,ğŸ­
681,90.02Z,90,ActivitÃ©s de soutien au spectacle vivant,ğŸ¤
682,90.03A,90,CrÃ©ation artistique relevant des arts plastiques,ğŸ¨
683,90.03B,90,Autre crÃ©ation artistique,ğŸ–Œï¸
684,90.04Z,90,Gestion de salles de spectacles,ğŸŸï¸
685,91.01Z,91,Gestion des bibliothÃ¨ques et des archives,ğŸ“š
686,91.02Z,91,Gestion des musÃ©es,ğŸ›ï¸
687,91.03Z,91,Gestion des sites et monuments historiques et des attractions touristiques similaires,ğŸ°
688,91.04Z,91,Gestion des jardins botaniques et zoologiques et des rÃ©serves naturelles,ğŸŒ²ğŸ˜
689,92.00Z,92,Organisation de jeux de hasard et d'argent,ğŸ°
690,93.11Z,93,Gestion d'installations sportives,ğŸŸï¸
691,93.12Z,93,ActivitÃ©s de clubs de sports,ğŸ‹ï¸â€â™‚ï¸
692,93.13Z,93,ActivitÃ©s des centres de culture physique,ğŸ‹ï¸â€â™€ï¸
693,93.19Z,93,Autres activitÃ©s liÃ©es au sport,ğŸš´ğŸŠâ€â™‚ï¸
694,93.21Z,93,ActivitÃ©s des parcs d'attractions et parcs Ã  thÃ¨mes,ğŸ¢
695,93.29Z,93,Autres activitÃ©s rÃ©crÃ©atives et de loisirs,ğŸ­
696,94.11Z,94,ActivitÃ©s des organisations patronales et consulaires,ğŸ¢
697,94.12Z,94,ActivitÃ©s des organisations professionnelles,ğŸ¢
698,94.20Z,94,ActivitÃ©s des syndicats de salariÃ©s,ğŸ­
699,94.91Z,94,ActivitÃ©s des organisations religieuses,â›ª
700,94.92Z,94,ActivitÃ©s des organisations politiques,ğŸ›ï¸
701,94.99Z,94,Autres organisations fonctionnant par adhÃ©sion volontaire,ğŸ¤
702,95.11Z,95,RÃ©paration d'ordinateurs et d'Ã©quipements pÃ©riphÃ©riques,ğŸ’»ğŸ”§
703,95.12Z,95,RÃ©paration d'Ã©quipements de communication,ğŸ“±ğŸ”§
704,95.21Z,95,RÃ©paration de produits Ã©lectroniques grand public,ğŸ“ºğŸ”§
705,95.22Z,95,RÃ©paration d'appareils Ã©lectromÃ©nagers et d'Ã©quipements pour la maison et le jardin,ğŸ› ï¸
706,95.23Z,95,RÃ©paration de chaussures et d'articles en cuir,ğŸ‘ ğŸ”§
707,95.24Z,95,RÃ©paration de meubles et d'Ã©quipements du foyer,ğŸ›‹ï¸ğŸ”§
708,95.25Z,95,RÃ©paration d'articles d'horlogerie et de bijouterie,âŒšğŸ”§
709,95.29Z,95,RÃ©paration d'autres biens personnels et domestiques,ğŸ› ï¸
710,96.01A,96,Blanchisserie-teinturerie de gros,ğŸ§º
711,96.01B,96,Blanchisserie-teinturerie de dÃ©tail,ğŸ§º
712,96.02A,96,Coiffure,ğŸ’‡â€â™€ï¸
713,96.02B,96,Soins de beautÃ©,ğŸ’…
714,96.03Z,96,Services funÃ©raires,âš°ï¸
715,96.04Z,96,Entretien corporel,ğŸ§˜â€â™€ï¸
716,96.09Z,96,Autres services personnels n.c.a.,ğŸ¤²
717,97.00Z,97,ActivitÃ©s des mÃ©nages en tant qu'employeurs de personnel domestique,ğŸ 
718,98.10Z,98,ActivitÃ©s indiffÃ©renciÃ©es des mÃ©nages en tant que producteurs de biens pour usage propre,ğŸ¡
719,98.20Z,98,ActivitÃ©s indiffÃ©renciÃ©es des mÃ©nages en tant que producteurs de services pour usage propre,ğŸ¡
720,99.00Z,99,ActivitÃ©s des organisations et organismes extraterritoriaux,ğŸŒ
721,71.3G,,,
722,74.1G,,,
723,28.99B,,,
724,55.3B,,,
725,00.00Z,,,
726,74.1J,,,
727,52.2C,,,
728,28.92Z,,,
729,52.4R,,,
730,55.60,,,
731,50.1Z,,,
732,92.3A,,,
733,70.3A,,,
734,52.1B,,,
735,51.1G,,,
736,51.1R,,,
737,50.3B,,,
738,50.2Z,,,
739,70.2A,,,
740,70.1F,,,
741,70.2C,,,
742,36.1G,,,
743,17.1C,,,
744,15.8B,,,
745,60.2P,,,
746,45.2V,,,
747,70.1D,,,
748,51.8P,,,
749,45.2B,,,
750,01.4A,,,
751,55.3A,,,
752,51.3E,,,
753,28.1A,,,
754,45.4C,,,
755,74.2A,,,
756,15.8C,,,
757,85.3K,,,
758,79.06,,,
759,28.93Z,,,
760,79.01,,,
761,74.2C,,,
762,45.2A,,,
763,28.94Z,,,
764,74.6Z,,,
765,60.2L,,,
766,02.20,,,
767,64.11,,,
768,64.25,,,
769,74.5A,,,
770,20.1A,,,
771,52.4C,,,
772,52.6D,,,